,ID_IMG,LABEL
0,../dataset/Positive/rotation clock.mp40000000000.jpg,1
1,../dataset/Positive/rotation clock.mp40000000001.jpg,1
2,../dataset/Positive/rotation clock.mp40000000002.jpg,1
3,../dataset/Positive/rotation clock.mp40000000003.jpg,1
4,../dataset/Positive/rotation clock.mp40000000004.jpg,1
5,../dataset/Positive/rotation clock.mp40000000005.jpg,1
6,../dataset/Positive/rotation clock.mp40000000006.jpg,1
7,../dataset/Positive/rotation clock.mp40000000007.jpg,1
8,../dataset/Positive/rotation clock.mp40000000008.jpg,1
9,../dataset/Positive/rotation clock.mp40000000009.jpg,1
10,../dataset/Positive/rotation clock.mp40000000010.jpg,1
11,../dataset/Positive/rotation clock.mp40000000011.jpg,1
12,../dataset/Positive/rotation clock.mp40000000012.jpg,1
13,../dataset/Positive/rotation clock.mp40000000013.jpg,1
14,../dataset/Positive/rotation clock.mp40000000014.jpg,1
15,../dataset/Positive/rotation clock.mp40000000015.jpg,1
16,../dataset/Positive/rotation clock.mp40000000016.jpg,1
17,../dataset/Positive/rotation clock.mp40000000017.jpg,1
18,../dataset/Positive/rotation clock.mp40000000018.jpg,1
19,../dataset/Positive/rotation clock.mp40000000019.jpg,1
20,../dataset/Positive/rotation clock.mp40000000020.jpg,1
21,../dataset/Positive/rotation clock.mp40000000021.jpg,1
22,../dataset/Positive/rotation clock.mp40000000022.jpg,1
23,../dataset/Positive/rotation clock.mp40000000023.jpg,1
24,../dataset/Positive/rotation clock.mp40000000024.jpg,1
25,../dataset/Positive/rotation clock.mp40000000025.jpg,1
26,../dataset/Positive/rotation clock.mp40000000026.jpg,1
27,../dataset/Positive/rotation clock.mp40000000027.jpg,1
28,../dataset/Positive/rotation clock.mp40000000028.jpg,1
29,../dataset/Positive/rotation clock.mp40000000029.jpg,1
30,../dataset/Positive/rotation clock.mp40000000030.jpg,1
31,../dataset/Positive/rotation clock.mp40000000031.jpg,1
32,../dataset/Positive/rotation clock.mp40000000032.jpg,1
33,../dataset/Positive/rotation clock.mp40000000033.jpg,1
34,../dataset/Positive/rotation clock.mp40000000034.jpg,1
35,../dataset/Positive/rotation clock.mp40000000035.jpg,1
36,../dataset/Positive/rotation clock.mp40000000036.jpg,1
37,../dataset/Positive/rotation clock.mp40000000037.jpg,1
38,../dataset/Positive/rotation clock.mp40000000038.jpg,1
39,../dataset/Positive/rotation clock.mp40000000039.jpg,1
40,../dataset/Positive/rotation clock.mp40000000040.jpg,1
41,../dataset/Positive/rotation clock.mp40000000041.jpg,1
42,../dataset/Positive/rotation clock.mp40000000042.jpg,1
43,../dataset/Positive/rotation clock.mp40000000043.jpg,1
44,../dataset/Positive/rotation clock.mp40000000044.jpg,1
45,../dataset/Positive/rotation clock.mp40000000045.jpg,1
46,../dataset/Positive/rotation clock.mp40000000046.jpg,1
47,../dataset/Positive/rotation clock.mp40000000047.jpg,1
48,../dataset/Positive/rotation clock.mp40000000048.jpg,1
49,../dataset/Positive/rotation clock.mp40000000049.jpg,1
50,../dataset/Positive/rotation clock.mp40000000050.jpg,1
51,../dataset/Positive/rotation clock.mp40000000051.jpg,1
52,../dataset/Positive/rotation clock.mp40000000052.jpg,1
53,../dataset/Positive/rotation clock.mp40000000053.jpg,1
54,../dataset/Positive/rotation clock.mp40000000054.jpg,1
55,../dataset/Positive/rotation clock.mp40000000055.jpg,1
56,../dataset/Positive/rotation clock.mp40000000056.jpg,1
57,../dataset/Positive/rotation clock.mp40000000057.jpg,1
58,../dataset/Positive/rotation clock.mp40000000058.jpg,1
59,../dataset/Positive/rotation clock.mp40000000059.jpg,1
60,../dataset/Positive/rotation_ballet.mp40000000000.jpg,1
61,../dataset/Positive/rotation_ballet.mp40000000001.jpg,1
62,../dataset/Positive/rotation_ballet.mp40000000002.jpg,1
63,../dataset/Positive/rotation_ballet.mp40000000003.jpg,1
64,../dataset/Positive/rotation_ballet.mp40000000004.jpg,1
65,../dataset/Positive/rotation_ballet.mp40000000005.jpg,1
66,../dataset/Positive/rotation_ballet.mp40000000006.jpg,1
67,../dataset/Positive/rotation_ballet.mp40000000007.jpg,1
68,../dataset/Positive/rotation_ballet.mp40000000008.jpg,1
69,../dataset/Positive/rotation_ballet.mp40000000009.jpg,1
70,../dataset/Positive/rotation_ballet.mp40000000010.jpg,1
71,../dataset/Positive/rotation_ballet.mp40000000011.jpg,1
72,../dataset/Positive/rotation_ballet.mp40000000012.jpg,1
73,../dataset/Positive/rotation_ballet.mp40000000013.jpg,1
74,../dataset/Positive/rotation_ballet.mp40000000014.jpg,1
75,../dataset/Positive/rotation_ballet.mp40000000015.jpg,1
76,../dataset/Positive/rotation_ballet.mp40000000016.jpg,1
77,../dataset/Positive/rotation_ballet.mp40000000017.jpg,1
78,../dataset/Positive/rotation_ballet.mp40000000018.jpg,1
79,../dataset/Positive/rotation_ballet.mp40000000019.jpg,1
80,../dataset/Positive/rotation_ballet.mp40000000020.jpg,1
81,../dataset/Positive/rotation_ballet.mp40000000021.jpg,1
82,../dataset/Positive/rotation_ballet.mp40000000022.jpg,1
83,../dataset/Positive/rotation_ballet.mp40000000023.jpg,1
84,../dataset/Positive/rotation_ballet.mp40000000024.jpg,1
85,../dataset/Positive/rotation_ballet.mp40000000025.jpg,1
86,../dataset/Positive/rotation_ballet.mp40000000026.jpg,1
87,../dataset/Positive/rotation_ballet.mp40000000027.jpg,1
88,../dataset/Positive/rotation_ballet.mp40000000028.jpg,1
89,../dataset/Positive/rotation_ballet.mp40000000029.jpg,1
90,../dataset/Positive/rotation_ballet.mp40000000030.jpg,1
91,../dataset/Positive/rotation_ballet.mp40000000031.jpg,1
92,../dataset/Positive/rotation_ballet.mp40000000032.jpg,1
93,../dataset/Positive/rotation_ballet.mp40000000033.jpg,1
94,../dataset/Positive/rotation_ballet.mp40000000034.jpg,1
95,../dataset/Positive/rotation_ballet.mp40000000035.jpg,1
96,../dataset/Positive/rotation_ballet.mp40000000036.jpg,1
97,../dataset/Positive/rotation_ballet.mp40000000037.jpg,1
98,../dataset/Positive/rotation_ballet.mp40000000038.jpg,1
99,../dataset/Positive/rotation_ballet.mp40000000039.jpg,1
100,../dataset/Positive/rotation_ballet.mp40000000040.jpg,1
101,../dataset/Positive/rotation_ballet.mp40000000041.jpg,1
102,../dataset/Positive/rotation_ballet.mp40000000042.jpg,1
103,../dataset/Positive/rotation_ballet.mp40000000043.jpg,1
104,../dataset/Positive/rotation_ballet.mp40000000044.jpg,1
105,../dataset/Positive/rotation_ballet.mp40000000045.jpg,1
106,../dataset/Positive/rotation_ballet.mp40000000046.jpg,1
107,../dataset/Positive/rotation_ballet.mp40000000047.jpg,1
108,../dataset/Positive/rotation_ballet.mp40000000048.jpg,1
109,../dataset/Positive/rotation_ballet.mp40000000049.jpg,1
110,../dataset/Positive/rotation_ballet.mp40000000050.jpg,1
111,../dataset/Positive/rotation_ballet.mp40000000051.jpg,1
112,../dataset/Positive/rotation_ballet.mp40000000052.jpg,1
113,../dataset/Positive/rotation_ballet.mp40000000053.jpg,1
114,../dataset/Positive/rotation_ballet.mp40000000054.jpg,1
115,../dataset/Positive/rotation_ballet.mp40000000055.jpg,1
116,../dataset/Positive/rotation_ballet.mp40000000056.jpg,1
117,../dataset/Positive/rotation_ballet.mp40000000057.jpg,1
118,../dataset/Positive/rotation_ballet.mp40000000058.jpg,1
119,../dataset/Positive/rotation_ballet.mp40000000059.jpg,1
120,../dataset/Positive/rotation_disk.mp40000000000.jpg,1
121,../dataset/Positive/rotation_disk.mp40000000001.jpg,1
122,../dataset/Positive/rotation_disk.mp40000000002.jpg,1
123,../dataset/Positive/rotation_disk.mp40000000003.jpg,1
124,../dataset/Positive/rotation_disk.mp40000000004.jpg,1
125,../dataset/Positive/rotation_disk.mp40000000005.jpg,1
126,../dataset/Positive/rotation_disk.mp40000000006.jpg,1
127,../dataset/Positive/rotation_disk.mp40000000007.jpg,1
128,../dataset/Positive/rotation_disk.mp40000000008.jpg,1
129,../dataset/Positive/rotation_disk.mp40000000009.jpg,1
130,../dataset/Positive/rotation_disk.mp40000000010.jpg,1
131,../dataset/Positive/rotation_disk.mp40000000011.jpg,1
132,../dataset/Positive/rotation_disk.mp40000000012.jpg,1
133,../dataset/Positive/rotation_disk.mp40000000013.jpg,1
134,../dataset/Positive/rotation_disk.mp40000000014.jpg,1
135,../dataset/Positive/rotation_disk.mp40000000015.jpg,1
136,../dataset/Positive/rotation_disk.mp40000000016.jpg,1
137,../dataset/Positive/rotation_disk.mp40000000017.jpg,1
138,../dataset/Positive/rotation_disk.mp40000000018.jpg,1
139,../dataset/Positive/rotation_disk.mp40000000019.jpg,1
140,../dataset/Positive/rotation_disk.mp40000000020.jpg,1
141,../dataset/Positive/rotation_disk.mp40000000021.jpg,1
142,../dataset/Positive/rotation_disk.mp40000000022.jpg,1
143,../dataset/Positive/rotation_disk.mp40000000023.jpg,1
144,../dataset/Positive/rotation_disk.mp40000000024.jpg,1
145,../dataset/Positive/rotation_disk.mp40000000025.jpg,1
146,../dataset/Positive/rotation_disk.mp40000000026.jpg,1
147,../dataset/Positive/rotation_disk.mp40000000027.jpg,1
148,../dataset/Positive/rotation_disk.mp40000000028.jpg,1
149,../dataset/Positive/rotation_disk.mp40000000029.jpg,1
150,../dataset/Positive/rotation_disk.mp40000000030.jpg,1
151,../dataset/Positive/rotation_disk.mp40000000031.jpg,1
152,../dataset/Positive/rotation_disk.mp40000000032.jpg,1
153,../dataset/Positive/rotation_disk.mp40000000033.jpg,1
154,../dataset/Positive/rotation_disk.mp40000000034.jpg,1
155,../dataset/Positive/rotation_disk.mp40000000035.jpg,1
156,../dataset/Positive/rotation_disk.mp40000000036.jpg,1
157,../dataset/Positive/rotation_disk.mp40000000037.jpg,1
158,../dataset/Positive/rotation_disk.mp40000000038.jpg,1
159,../dataset/Positive/rotation_disk.mp40000000039.jpg,1
160,../dataset/Positive/rotation_disk.mp40000000040.jpg,1
161,../dataset/Positive/rotation_disk.mp40000000041.jpg,1
162,../dataset/Positive/rotation_disk.mp40000000042.jpg,1
163,../dataset/Positive/rotation_disk.mp40000000043.jpg,1
164,../dataset/Positive/rotation_disk.mp40000000044.jpg,1
165,../dataset/Positive/rotation_disk.mp40000000045.jpg,1
166,../dataset/Positive/rotation_disk.mp40000000046.jpg,1
167,../dataset/Positive/rotation_disk.mp40000000047.jpg,1
168,../dataset/Positive/rotation_disk.mp40000000048.jpg,1
169,../dataset/Positive/rotation_disk.mp40000000049.jpg,1
170,../dataset/Positive/rotation_disk.mp40000000050.jpg,1
171,../dataset/Positive/rotation_disk.mp40000000051.jpg,1
172,../dataset/Positive/rotation_disk.mp40000000052.jpg,1
173,../dataset/Positive/rotation_disk.mp40000000053.jpg,1
174,../dataset/Positive/rotation_disk.mp40000000054.jpg,1
175,../dataset/Positive/rotation_disk.mp40000000055.jpg,1
176,../dataset/Positive/rotation_disk.mp40000000056.jpg,1
177,../dataset/Positive/rotation_disk.mp40000000057.jpg,1
178,../dataset/Positive/rotation_disk.mp40000000058.jpg,1
179,../dataset/Positive/rotation_disk.mp40000000059.jpg,1
180,../dataset/Positive/rotation_ferris2.mp40000000000.jpg,1
181,../dataset/Positive/rotation_ferris2.mp40000000001.jpg,1
182,../dataset/Positive/rotation_ferris2.mp40000000002.jpg,1
183,../dataset/Positive/rotation_ferris2.mp40000000003.jpg,1
184,../dataset/Positive/rotation_ferris2.mp40000000004.jpg,1
185,../dataset/Positive/rotation_ferris2.mp40000000005.jpg,1
186,../dataset/Positive/rotation_ferris2.mp40000000006.jpg,1
187,../dataset/Positive/rotation_ferris2.mp40000000007.jpg,1
188,../dataset/Positive/rotation_ferris2.mp40000000008.jpg,1
189,../dataset/Positive/rotation_ferris2.mp40000000009.jpg,1
190,../dataset/Positive/rotation_ferris2.mp40000000010.jpg,1
191,../dataset/Positive/rotation_ferris2.mp40000000011.jpg,1
192,../dataset/Positive/rotation_ferris2.mp40000000012.jpg,1
193,../dataset/Positive/rotation_ferris2.mp40000000013.jpg,1
194,../dataset/Positive/rotation_ferris2.mp40000000014.jpg,1
195,../dataset/Positive/rotation_ferris2.mp40000000015.jpg,1
196,../dataset/Positive/rotation_ferris2.mp40000000016.jpg,1
197,../dataset/Positive/rotation_ferris2.mp40000000017.jpg,1
198,../dataset/Positive/rotation_ferris2.mp40000000018.jpg,1
199,../dataset/Positive/rotation_ferris2.mp40000000019.jpg,1
200,../dataset/Positive/rotation_ferris2.mp40000000020.jpg,1
201,../dataset/Positive/rotation_ferris2.mp40000000021.jpg,1
202,../dataset/Positive/rotation_ferris2.mp40000000022.jpg,1
203,../dataset/Positive/rotation_ferris2.mp40000000023.jpg,1
204,../dataset/Positive/rotation_ferris2.mp40000000024.jpg,1
205,../dataset/Positive/rotation_ferris2.mp40000000025.jpg,1
206,../dataset/Positive/rotation_ferris2.mp40000000026.jpg,1
207,../dataset/Positive/rotation_ferris2.mp40000000027.jpg,1
208,../dataset/Positive/rotation_ferris2.mp40000000028.jpg,1
209,../dataset/Positive/rotation_ferris2.mp40000000029.jpg,1
210,../dataset/Positive/rotation_ferris2.mp40000000030.jpg,1
211,../dataset/Positive/rotation_ferris2.mp40000000031.jpg,1
212,../dataset/Positive/rotation_ferris2.mp40000000032.jpg,1
213,../dataset/Positive/rotation_ferris2.mp40000000033.jpg,1
214,../dataset/Positive/rotation_ferris2.mp40000000034.jpg,1
215,../dataset/Positive/rotation_ferris2.mp40000000035.jpg,1
216,../dataset/Positive/rotation_ferris2.mp40000000036.jpg,1
217,../dataset/Positive/rotation_ferris2.mp40000000037.jpg,1
218,../dataset/Positive/rotation_ferris2.mp40000000038.jpg,1
219,../dataset/Positive/rotation_ferris2.mp40000000039.jpg,1
220,../dataset/Positive/rotation_ferris2.mp40000000040.jpg,1
221,../dataset/Positive/rotation_ferris2.mp40000000041.jpg,1
222,../dataset/Positive/rotation_ferris2.mp40000000042.jpg,1
223,../dataset/Positive/rotation_ferris2.mp40000000043.jpg,1
224,../dataset/Positive/rotation_ferris2.mp40000000044.jpg,1
225,../dataset/Positive/rotation_ferris2.mp40000000045.jpg,1
226,../dataset/Positive/rotation_ferris2.mp40000000046.jpg,1
227,../dataset/Positive/rotation_ferris2.mp40000000047.jpg,1
228,../dataset/Positive/rotation_ferris2.mp40000000048.jpg,1
229,../dataset/Positive/rotation_ferris2.mp40000000049.jpg,1
230,../dataset/Positive/rotation_ferris2.mp40000000050.jpg,1
231,../dataset/Positive/rotation_ferris2.mp40000000051.jpg,1
232,../dataset/Positive/rotation_ferris2.mp40000000052.jpg,1
233,../dataset/Positive/rotation_ferris2.mp40000000053.jpg,1
234,../dataset/Positive/rotation_ferris2.mp40000000054.jpg,1
235,../dataset/Positive/rotation_ferris2.mp40000000055.jpg,1
236,../dataset/Positive/rotation_ferris2.mp40000000056.jpg,1
237,../dataset/Positive/rotation_ferris2.mp40000000057.jpg,1
238,../dataset/Positive/rotation_ferris2.mp40000000058.jpg,1
239,../dataset/Positive/rotation_ferris2.mp40000000059.jpg,1
240,../dataset/Positive/rotation_ferris.mp40000000000.jpg,1
241,../dataset/Positive/rotation_ferris.mp40000000001.jpg,1
242,../dataset/Positive/rotation_ferris.mp40000000002.jpg,1
243,../dataset/Positive/rotation_ferris.mp40000000003.jpg,1
244,../dataset/Positive/rotation_ferris.mp40000000004.jpg,1
245,../dataset/Positive/rotation_ferris.mp40000000005.jpg,1
246,../dataset/Positive/rotation_ferris.mp40000000006.jpg,1
247,../dataset/Positive/rotation_ferris.mp40000000007.jpg,1
248,../dataset/Positive/rotation_ferris.mp40000000008.jpg,1
249,../dataset/Positive/rotation_ferris.mp40000000009.jpg,1
250,../dataset/Positive/rotation_ferris.mp40000000010.jpg,1
251,../dataset/Positive/rotation_ferris.mp40000000011.jpg,1
252,../dataset/Positive/rotation_ferris.mp40000000012.jpg,1
253,../dataset/Positive/rotation_ferris.mp40000000013.jpg,1
254,../dataset/Positive/rotation_ferris.mp40000000014.jpg,1
255,../dataset/Positive/rotation_ferris.mp40000000015.jpg,1
256,../dataset/Positive/rotation_ferris.mp40000000016.jpg,1
257,../dataset/Positive/rotation_ferris.mp40000000017.jpg,1
258,../dataset/Positive/rotation_ferris.mp40000000018.jpg,1
259,../dataset/Positive/rotation_ferris.mp40000000019.jpg,1
260,../dataset/Positive/rotation_ferris.mp40000000020.jpg,1
261,../dataset/Positive/rotation_ferris.mp40000000021.jpg,1
262,../dataset/Positive/rotation_ferris.mp40000000022.jpg,1
263,../dataset/Positive/rotation_ferris.mp40000000023.jpg,1
264,../dataset/Positive/rotation_ferris.mp40000000024.jpg,1
265,../dataset/Positive/rotation_ferris.mp40000000025.jpg,1
266,../dataset/Positive/rotation_ferris.mp40000000026.jpg,1
267,../dataset/Positive/rotation_ferris.mp40000000027.jpg,1
268,../dataset/Positive/rotation_ferris.mp40000000028.jpg,1
269,../dataset/Positive/rotation_ferris.mp40000000029.jpg,1
270,../dataset/Positive/rotation_ferris.mp40000000030.jpg,1
271,../dataset/Positive/rotation_ferris.mp40000000031.jpg,1
272,../dataset/Positive/rotation_ferris.mp40000000032.jpg,1
273,../dataset/Positive/rotation_ferris.mp40000000033.jpg,1
274,../dataset/Positive/rotation_ferris.mp40000000034.jpg,1
275,../dataset/Positive/rotation_ferris.mp40000000035.jpg,1
276,../dataset/Positive/rotation_ferris.mp40000000036.jpg,1
277,../dataset/Positive/rotation_ferris.mp40000000037.jpg,1
278,../dataset/Positive/rotation_ferris.mp40000000038.jpg,1
279,../dataset/Positive/rotation_ferris.mp40000000039.jpg,1
280,../dataset/Positive/rotation_ferris.mp40000000040.jpg,1
281,../dataset/Positive/rotation_ferris.mp40000000041.jpg,1
282,../dataset/Positive/rotation_ferris.mp40000000042.jpg,1
283,../dataset/Positive/rotation_ferris.mp40000000043.jpg,1
284,../dataset/Positive/rotation_ferris.mp40000000044.jpg,1
285,../dataset/Positive/rotation_ferris.mp40000000045.jpg,1
286,../dataset/Positive/rotation_ferris.mp40000000046.jpg,1
287,../dataset/Positive/rotation_ferris.mp40000000047.jpg,1
288,../dataset/Positive/rotation_ferris.mp40000000048.jpg,1
289,../dataset/Positive/rotation_ferris.mp40000000049.jpg,1
290,../dataset/Positive/rotation_ferris.mp40000000050.jpg,1
291,../dataset/Positive/rotation_ferris.mp40000000051.jpg,1
292,../dataset/Positive/rotation_ferris.mp40000000052.jpg,1
293,../dataset/Positive/rotation_ferris.mp40000000053.jpg,1
294,../dataset/Positive/rotation_ferris.mp40000000054.jpg,1
295,../dataset/Positive/rotation_ferris.mp40000000055.jpg,1
296,../dataset/Positive/rotation_ferris.mp40000000056.jpg,1
297,../dataset/Positive/rotation_ferris.mp40000000057.jpg,1
298,../dataset/Positive/rotation_ferris.mp40000000058.jpg,1
299,../dataset/Positive/rotation_ferris.mp40000000059.jpg,1
300,../dataset/Positive/rotation_hypnotic.mp40000000000.jpg,1
301,../dataset/Positive/rotation_hypnotic.mp40000000001.jpg,1
302,../dataset/Positive/rotation_hypnotic.mp40000000002.jpg,1
303,../dataset/Positive/rotation_hypnotic.mp40000000003.jpg,1
304,../dataset/Positive/rotation_hypnotic.mp40000000004.jpg,1
305,../dataset/Positive/rotation_hypnotic.mp40000000005.jpg,1
306,../dataset/Positive/rotation_hypnotic.mp40000000006.jpg,1
307,../dataset/Positive/rotation_hypnotic.mp40000000007.jpg,1
308,../dataset/Positive/rotation_hypnotic.mp40000000008.jpg,1
309,../dataset/Positive/rotation_hypnotic.mp40000000009.jpg,1
310,../dataset/Positive/rotation_hypnotic.mp40000000010.jpg,1
311,../dataset/Positive/rotation_hypnotic.mp40000000011.jpg,1
312,../dataset/Positive/rotation_hypnotic.mp40000000012.jpg,1
313,../dataset/Positive/rotation_hypnotic.mp40000000013.jpg,1
314,../dataset/Positive/rotation_hypnotic.mp40000000014.jpg,1
315,../dataset/Positive/rotation_hypnotic.mp40000000015.jpg,1
316,../dataset/Positive/rotation_hypnotic.mp40000000016.jpg,1
317,../dataset/Positive/rotation_hypnotic.mp40000000017.jpg,1
318,../dataset/Positive/rotation_hypnotic.mp40000000018.jpg,1
319,../dataset/Positive/rotation_hypnotic.mp40000000019.jpg,1
320,../dataset/Positive/rotation_hypnotic.mp40000000020.jpg,1
321,../dataset/Positive/rotation_hypnotic.mp40000000021.jpg,1
322,../dataset/Positive/rotation_hypnotic.mp40000000022.jpg,1
323,../dataset/Positive/rotation_hypnotic.mp40000000023.jpg,1
324,../dataset/Positive/rotation_hypnotic.mp40000000024.jpg,1
325,../dataset/Positive/rotation_hypnotic.mp40000000025.jpg,1
326,../dataset/Positive/rotation_hypnotic.mp40000000026.jpg,1
327,../dataset/Positive/rotation_hypnotic.mp40000000027.jpg,1
328,../dataset/Positive/rotation_hypnotic.mp40000000028.jpg,1
329,../dataset/Positive/rotation_hypnotic.mp40000000029.jpg,1
330,../dataset/Positive/rotation_hypnotic.mp40000000030.jpg,1
331,../dataset/Positive/rotation_hypnotic.mp40000000031.jpg,1
332,../dataset/Positive/rotation_hypnotic.mp40000000032.jpg,1
333,../dataset/Positive/rotation_hypnotic.mp40000000033.jpg,1
334,../dataset/Positive/rotation_hypnotic.mp40000000034.jpg,1
335,../dataset/Positive/rotation_hypnotic.mp40000000035.jpg,1
336,../dataset/Positive/rotation_hypnotic.mp40000000036.jpg,1
337,../dataset/Positive/rotation_hypnotic.mp40000000037.jpg,1
338,../dataset/Positive/rotation_hypnotic.mp40000000038.jpg,1
339,../dataset/Positive/rotation_hypnotic.mp40000000039.jpg,1
340,../dataset/Positive/rotation_hypnotic.mp40000000040.jpg,1
341,../dataset/Positive/rotation_hypnotic.mp40000000041.jpg,1
342,../dataset/Positive/rotation_hypnotic.mp40000000042.jpg,1
343,../dataset/Positive/rotation_hypnotic.mp40000000043.jpg,1
344,../dataset/Positive/rotation_hypnotic.mp40000000044.jpg,1
345,../dataset/Positive/rotation_hypnotic.mp40000000045.jpg,1
346,../dataset/Positive/rotation_hypnotic.mp40000000046.jpg,1
347,../dataset/Positive/rotation_hypnotic.mp40000000047.jpg,1
348,../dataset/Positive/rotation_hypnotic.mp40000000048.jpg,1
349,../dataset/Positive/rotation_hypnotic.mp40000000049.jpg,1
350,../dataset/Positive/rotation_hypnotic.mp40000000050.jpg,1
351,../dataset/Positive/rotation_hypnotic.mp40000000051.jpg,1
352,../dataset/Positive/rotation_hypnotic.mp40000000052.jpg,1
353,../dataset/Positive/rotation_hypnotic.mp40000000053.jpg,1
354,../dataset/Positive/rotation_hypnotic.mp40000000054.jpg,1
355,../dataset/Positive/rotation_hypnotic.mp40000000055.jpg,1
356,../dataset/Positive/rotation_hypnotic.mp40000000056.jpg,1
357,../dataset/Positive/rotation_hypnotic.mp40000000057.jpg,1
358,../dataset/Positive/rotation_hypnotic.mp40000000058.jpg,1
359,../dataset/Positive/rotation_hypnotic.mp40000000059.jpg,1
360,../dataset/Positive/rotation_lab.mp40000000000.jpg,1
361,../dataset/Positive/rotation_lab.mp40000000001.jpg,1
362,../dataset/Positive/rotation_lab.mp40000000002.jpg,1
363,../dataset/Positive/rotation_lab.mp40000000003.jpg,1
364,../dataset/Positive/rotation_lab.mp40000000004.jpg,1
365,../dataset/Positive/rotation_lab.mp40000000005.jpg,1
366,../dataset/Positive/rotation_lab.mp40000000006.jpg,1
367,../dataset/Positive/rotation_lab.mp40000000007.jpg,1
368,../dataset/Positive/rotation_lab.mp40000000008.jpg,1
369,../dataset/Positive/rotation_lab.mp40000000009.jpg,1
370,../dataset/Positive/rotation_lab.mp40000000010.jpg,1
371,../dataset/Positive/rotation_lab.mp40000000011.jpg,1
372,../dataset/Positive/rotation_lab.mp40000000012.jpg,1
373,../dataset/Positive/rotation_lab.mp40000000013.jpg,1
374,../dataset/Positive/rotation_lab.mp40000000014.jpg,1
375,../dataset/Positive/rotation_lab.mp40000000015.jpg,1
376,../dataset/Positive/rotation_lab.mp40000000016.jpg,1
377,../dataset/Positive/rotation_lab.mp40000000017.jpg,1
378,../dataset/Positive/rotation_lab.mp40000000018.jpg,1
379,../dataset/Positive/rotation_lab.mp40000000019.jpg,1
380,../dataset/Positive/rotation_lab.mp40000000020.jpg,1
381,../dataset/Positive/rotation_lab.mp40000000021.jpg,1
382,../dataset/Positive/rotation_lab.mp40000000022.jpg,1
383,../dataset/Positive/rotation_lab.mp40000000023.jpg,1
384,../dataset/Positive/rotation_lab.mp40000000024.jpg,1
385,../dataset/Positive/rotation_lab.mp40000000025.jpg,1
386,../dataset/Positive/rotation_lab.mp40000000026.jpg,1
387,../dataset/Positive/rotation_lab.mp40000000027.jpg,1
388,../dataset/Positive/rotation_lab.mp40000000028.jpg,1
389,../dataset/Positive/rotation_lab.mp40000000029.jpg,1
390,../dataset/Positive/rotation_lab.mp40000000030.jpg,1
391,../dataset/Positive/rotation_lab.mp40000000031.jpg,1
392,../dataset/Positive/rotation_lab.mp40000000032.jpg,1
393,../dataset/Positive/rotation_lab.mp40000000033.jpg,1
394,../dataset/Positive/rotation_lab.mp40000000034.jpg,1
395,../dataset/Positive/rotation_lab.mp40000000035.jpg,1
396,../dataset/Positive/rotation_lab.mp40000000036.jpg,1
397,../dataset/Positive/rotation_lab.mp40000000037.jpg,1
398,../dataset/Positive/rotation_lab.mp40000000038.jpg,1
399,../dataset/Positive/rotation_lab.mp40000000039.jpg,1
400,../dataset/Positive/rotation_lab.mp40000000040.jpg,1
401,../dataset/Positive/rotation_lab.mp40000000041.jpg,1
402,../dataset/Positive/rotation_lab.mp40000000042.jpg,1
403,../dataset/Positive/rotation_lab.mp40000000043.jpg,1
404,../dataset/Positive/rotation_lab.mp40000000044.jpg,1
405,../dataset/Positive/rotation_lab.mp40000000045.jpg,1
406,../dataset/Positive/rotation_lab.mp40000000046.jpg,1
407,../dataset/Positive/rotation_lab.mp40000000047.jpg,1
408,../dataset/Positive/rotation_lab.mp40000000048.jpg,1
409,../dataset/Positive/rotation_lab.mp40000000049.jpg,1
410,../dataset/Positive/rotation_lab.mp40000000050.jpg,1
411,../dataset/Positive/rotation_lab.mp40000000051.jpg,1
412,../dataset/Positive/rotation_lab.mp40000000052.jpg,1
413,../dataset/Positive/rotation_lab.mp40000000053.jpg,1
414,../dataset/Positive/rotation_lab.mp40000000054.jpg,1
415,../dataset/Positive/rotation_lab.mp40000000055.jpg,1
416,../dataset/Positive/rotation_lab.mp40000000056.jpg,1
417,../dataset/Positive/rotation_lab.mp40000000057.jpg,1
418,../dataset/Positive/rotation_lab.mp40000000058.jpg,1
419,../dataset/Positive/rotation_lab.mp40000000059.jpg,1
420,../dataset/Positive/rotation_pottery.mp40000000000.jpg,1
421,../dataset/Positive/rotation_pottery.mp40000000001.jpg,1
422,../dataset/Positive/rotation_pottery.mp40000000002.jpg,1
423,../dataset/Positive/rotation_pottery.mp40000000003.jpg,1
424,../dataset/Positive/rotation_pottery.mp40000000004.jpg,1
425,../dataset/Positive/rotation_pottery.mp40000000005.jpg,1
426,../dataset/Positive/rotation_pottery.mp40000000006.jpg,1
427,../dataset/Positive/rotation_pottery.mp40000000007.jpg,1
428,../dataset/Positive/rotation_pottery.mp40000000008.jpg,1
429,../dataset/Positive/rotation_pottery.mp40000000009.jpg,1
430,../dataset/Positive/rotation_pottery.mp40000000010.jpg,1
431,../dataset/Positive/rotation_pottery.mp40000000011.jpg,1
432,../dataset/Positive/rotation_pottery.mp40000000012.jpg,1
433,../dataset/Positive/rotation_pottery.mp40000000013.jpg,1
434,../dataset/Positive/rotation_pottery.mp40000000014.jpg,1
435,../dataset/Positive/rotation_pottery.mp40000000015.jpg,1
436,../dataset/Positive/rotation_pottery.mp40000000016.jpg,1
437,../dataset/Positive/rotation_pottery.mp40000000017.jpg,1
438,../dataset/Positive/rotation_pottery.mp40000000018.jpg,1
439,../dataset/Positive/rotation_pottery.mp40000000019.jpg,1
440,../dataset/Positive/rotation_pottery.mp40000000020.jpg,1
441,../dataset/Positive/rotation_pottery.mp40000000021.jpg,1
442,../dataset/Positive/rotation_pottery.mp40000000022.jpg,1
443,../dataset/Positive/rotation_pottery.mp40000000023.jpg,1
444,../dataset/Positive/rotation_pottery.mp40000000024.jpg,1
445,../dataset/Positive/rotation_pottery.mp40000000025.jpg,1
446,../dataset/Positive/rotation_pottery.mp40000000026.jpg,1
447,../dataset/Positive/rotation_pottery.mp40000000027.jpg,1
448,../dataset/Positive/rotation_pottery.mp40000000028.jpg,1
449,../dataset/Positive/rotation_pottery.mp40000000029.jpg,1
450,../dataset/Positive/rotation_pottery.mp40000000030.jpg,1
451,../dataset/Positive/rotation_pottery.mp40000000031.jpg,1
452,../dataset/Positive/rotation_pottery.mp40000000032.jpg,1
453,../dataset/Positive/rotation_pottery.mp40000000033.jpg,1
454,../dataset/Positive/rotation_pottery.mp40000000034.jpg,1
455,../dataset/Positive/rotation_pottery.mp40000000035.jpg,1
456,../dataset/Positive/rotation_pottery.mp40000000036.jpg,1
457,../dataset/Positive/rotation_pottery.mp40000000037.jpg,1
458,../dataset/Positive/rotation_pottery.mp40000000038.jpg,1
459,../dataset/Positive/rotation_pottery.mp40000000039.jpg,1
460,../dataset/Positive/rotation_pottery.mp40000000040.jpg,1
461,../dataset/Positive/rotation_pottery.mp40000000041.jpg,1
462,../dataset/Positive/rotation_pottery.mp40000000042.jpg,1
463,../dataset/Positive/rotation_pottery.mp40000000043.jpg,1
464,../dataset/Positive/rotation_pottery.mp40000000044.jpg,1
465,../dataset/Positive/rotation_pottery.mp40000000045.jpg,1
466,../dataset/Positive/rotation_pottery.mp40000000046.jpg,1
467,../dataset/Positive/rotation_pottery.mp40000000047.jpg,1
468,../dataset/Positive/rotation_pottery.mp40000000048.jpg,1
469,../dataset/Positive/rotation_pottery.mp40000000049.jpg,1
470,../dataset/Positive/rotation_pottery.mp40000000050.jpg,1
471,../dataset/Positive/rotation_pottery.mp40000000051.jpg,1
472,../dataset/Positive/rotation_pottery.mp40000000052.jpg,1
473,../dataset/Positive/rotation_pottery.mp40000000053.jpg,1
474,../dataset/Positive/rotation_pottery.mp40000000054.jpg,1
475,../dataset/Positive/rotation_pottery.mp40000000055.jpg,1
476,../dataset/Positive/rotation_pottery.mp40000000056.jpg,1
477,../dataset/Positive/rotation_pottery.mp40000000057.jpg,1
478,../dataset/Positive/rotation_pottery.mp40000000058.jpg,1
479,../dataset/Positive/rotation_pottery.mp40000000059.jpg,1
480,../dataset/Negative/periodic_lamp.mp40000000000.jpg,0
481,../dataset/Negative/periodic_lamp.mp40000000001.jpg,0
482,../dataset/Negative/periodic_lamp.mp40000000002.jpg,0
483,../dataset/Negative/periodic_lamp.mp40000000003.jpg,0
484,../dataset/Negative/periodic_lamp.mp40000000004.jpg,0
485,../dataset/Negative/periodic_lamp.mp40000000005.jpg,0
486,../dataset/Negative/periodic_lamp.mp40000000006.jpg,0
487,../dataset/Negative/periodic_lamp.mp40000000007.jpg,0
488,../dataset/Negative/periodic_lamp.mp40000000008.jpg,0
489,../dataset/Negative/periodic_lamp.mp40000000009.jpg,0
490,../dataset/Negative/periodic_lamp.mp40000000010.jpg,0
491,../dataset/Negative/periodic_lamp.mp40000000011.jpg,0
492,../dataset/Negative/periodic_lamp.mp40000000012.jpg,0
493,../dataset/Negative/periodic_lamp.mp40000000013.jpg,0
494,../dataset/Negative/periodic_lamp.mp40000000014.jpg,0
495,../dataset/Negative/periodic_lamp.mp40000000015.jpg,0
496,../dataset/Negative/periodic_lamp.mp40000000016.jpg,0
497,../dataset/Negative/periodic_lamp.mp40000000017.jpg,0
498,../dataset/Negative/periodic_lamp.mp40000000018.jpg,0
499,../dataset/Negative/periodic_lamp.mp40000000019.jpg,0
500,../dataset/Negative/periodic_lamp.mp40000000020.jpg,0
501,../dataset/Negative/periodic_lamp.mp40000000021.jpg,0
502,../dataset/Negative/periodic_lamp.mp40000000022.jpg,0
503,../dataset/Negative/periodic_lamp.mp40000000023.jpg,0
504,../dataset/Negative/periodic_lamp.mp40000000024.jpg,0
505,../dataset/Negative/periodic_lamp.mp40000000025.jpg,0
506,../dataset/Negative/periodic_lamp.mp40000000026.jpg,0
507,../dataset/Negative/periodic_lamp.mp40000000027.jpg,0
508,../dataset/Negative/periodic_lamp.mp40000000028.jpg,0
509,../dataset/Negative/periodic_lamp.mp40000000029.jpg,0
510,../dataset/Negative/periodic_lamp.mp40000000030.jpg,0
511,../dataset/Negative/periodic_lamp.mp40000000031.jpg,0
512,../dataset/Negative/periodic_lamp.mp40000000032.jpg,0
513,../dataset/Negative/periodic_lamp.mp40000000033.jpg,0
514,../dataset/Negative/periodic_lamp.mp40000000034.jpg,0
515,../dataset/Negative/periodic_lamp.mp40000000035.jpg,0
516,../dataset/Negative/periodic_lamp.mp40000000036.jpg,0
517,../dataset/Negative/periodic_lamp.mp40000000037.jpg,0
518,../dataset/Negative/periodic_lamp.mp40000000038.jpg,0
519,../dataset/Negative/periodic_lamp.mp40000000039.jpg,0
520,../dataset/Negative/periodic_lamp.mp40000000040.jpg,0
521,../dataset/Negative/periodic_lamp.mp40000000041.jpg,0
522,../dataset/Negative/periodic_lamp.mp40000000042.jpg,0
523,../dataset/Negative/periodic_lamp.mp40000000043.jpg,0
524,../dataset/Negative/periodic_lamp.mp40000000044.jpg,0
525,../dataset/Negative/periodic_lamp.mp40000000045.jpg,0
526,../dataset/Negative/periodic_lamp.mp40000000046.jpg,0
527,../dataset/Negative/periodic_lamp.mp40000000047.jpg,0
528,../dataset/Negative/periodic_lamp.mp40000000048.jpg,0
529,../dataset/Negative/periodic_lamp.mp40000000049.jpg,0
530,../dataset/Negative/periodic_lamp.mp40000000050.jpg,0
531,../dataset/Negative/periodic_lamp.mp40000000051.jpg,0
532,../dataset/Negative/periodic_lamp.mp40000000052.jpg,0
533,../dataset/Negative/periodic_lamp.mp40000000053.jpg,0
534,../dataset/Negative/periodic_lamp.mp40000000054.jpg,0
535,../dataset/Negative/periodic_lamp.mp40000000055.jpg,0
536,../dataset/Negative/periodic_lamp.mp40000000056.jpg,0
537,../dataset/Negative/periodic_lamp.mp40000000057.jpg,0
538,../dataset/Negative/periodic_lamp.mp40000000058.jpg,0
539,../dataset/Negative/periodic_lamp.mp40000000059.jpg,0
540,../dataset/Negative/periodic_legs2.mp40000000000.jpg,0
541,../dataset/Negative/periodic_legs2.mp40000000001.jpg,0
542,../dataset/Negative/periodic_legs2.mp40000000002.jpg,0
543,../dataset/Negative/periodic_legs2.mp40000000003.jpg,0
544,../dataset/Negative/periodic_legs2.mp40000000004.jpg,0
545,../dataset/Negative/periodic_legs2.mp40000000005.jpg,0
546,../dataset/Negative/periodic_legs2.mp40000000006.jpg,0
547,../dataset/Negative/periodic_legs2.mp40000000007.jpg,0
548,../dataset/Negative/periodic_legs2.mp40000000008.jpg,0
549,../dataset/Negative/periodic_legs2.mp40000000009.jpg,0
550,../dataset/Negative/periodic_legs2.mp40000000010.jpg,0
551,../dataset/Negative/periodic_legs2.mp40000000011.jpg,0
552,../dataset/Negative/periodic_legs2.mp40000000012.jpg,0
553,../dataset/Negative/periodic_legs2.mp40000000013.jpg,0
554,../dataset/Negative/periodic_legs2.mp40000000014.jpg,0
555,../dataset/Negative/periodic_legs2.mp40000000015.jpg,0
556,../dataset/Negative/periodic_legs2.mp40000000016.jpg,0
557,../dataset/Negative/periodic_legs2.mp40000000017.jpg,0
558,../dataset/Negative/periodic_legs2.mp40000000018.jpg,0
559,../dataset/Negative/periodic_legs2.mp40000000019.jpg,0
560,../dataset/Negative/periodic_legs2.mp40000000020.jpg,0
561,../dataset/Negative/periodic_legs2.mp40000000021.jpg,0
562,../dataset/Negative/periodic_legs2.mp40000000022.jpg,0
563,../dataset/Negative/periodic_legs2.mp40000000023.jpg,0
564,../dataset/Negative/periodic_legs2.mp40000000024.jpg,0
565,../dataset/Negative/periodic_legs2.mp40000000025.jpg,0
566,../dataset/Negative/periodic_legs2.mp40000000026.jpg,0
567,../dataset/Negative/periodic_legs2.mp40000000027.jpg,0
568,../dataset/Negative/periodic_legs2.mp40000000028.jpg,0
569,../dataset/Negative/periodic_legs2.mp40000000029.jpg,0
570,../dataset/Negative/periodic_legs2.mp40000000030.jpg,0
571,../dataset/Negative/periodic_legs2.mp40000000031.jpg,0
572,../dataset/Negative/periodic_legs2.mp40000000032.jpg,0
573,../dataset/Negative/periodic_legs2.mp40000000033.jpg,0
574,../dataset/Negative/periodic_legs2.mp40000000034.jpg,0
575,../dataset/Negative/periodic_legs2.mp40000000035.jpg,0
576,../dataset/Negative/periodic_legs2.mp40000000036.jpg,0
577,../dataset/Negative/periodic_legs2.mp40000000037.jpg,0
578,../dataset/Negative/periodic_legs2.mp40000000038.jpg,0
579,../dataset/Negative/periodic_legs2.mp40000000039.jpg,0
580,../dataset/Negative/periodic_legs2.mp40000000040.jpg,0
581,../dataset/Negative/periodic_legs2.mp40000000041.jpg,0
582,../dataset/Negative/periodic_legs2.mp40000000042.jpg,0
583,../dataset/Negative/periodic_legs2.mp40000000043.jpg,0
584,../dataset/Negative/periodic_legs2.mp40000000044.jpg,0
585,../dataset/Negative/periodic_legs2.mp40000000045.jpg,0
586,../dataset/Negative/periodic_legs2.mp40000000046.jpg,0
587,../dataset/Negative/periodic_legs2.mp40000000047.jpg,0
588,../dataset/Negative/periodic_legs2.mp40000000048.jpg,0
589,../dataset/Negative/periodic_legs2.mp40000000049.jpg,0
590,../dataset/Negative/periodic_legs2.mp40000000050.jpg,0
591,../dataset/Negative/periodic_legs2.mp40000000051.jpg,0
592,../dataset/Negative/periodic_legs2.mp40000000052.jpg,0
593,../dataset/Negative/periodic_legs2.mp40000000053.jpg,0
594,../dataset/Negative/periodic_legs2.mp40000000054.jpg,0
595,../dataset/Negative/periodic_legs2.mp40000000055.jpg,0
596,../dataset/Negative/periodic_legs2.mp40000000056.jpg,0
597,../dataset/Negative/periodic_legs2.mp40000000057.jpg,0
598,../dataset/Negative/periodic_legs2.mp40000000058.jpg,0
599,../dataset/Negative/periodic_legs2.mp40000000059.jpg,0
600,../dataset/Positive/rotation_vinyl.mp40000000000.jpg,1
601,../dataset/Positive/rotation_vinyl.mp40000000001.jpg,1
602,../dataset/Positive/rotation_vinyl.mp40000000002.jpg,1
603,../dataset/Positive/rotation_vinyl.mp40000000003.jpg,1
604,../dataset/Positive/rotation_vinyl.mp40000000004.jpg,1
605,../dataset/Positive/rotation_vinyl.mp40000000005.jpg,1
606,../dataset/Positive/rotation_vinyl.mp40000000006.jpg,1
607,../dataset/Positive/rotation_vinyl.mp40000000007.jpg,1
608,../dataset/Positive/rotation_vinyl.mp40000000008.jpg,1
609,../dataset/Positive/rotation_vinyl.mp40000000009.jpg,1
610,../dataset/Positive/rotation_vinyl.mp40000000010.jpg,1
611,../dataset/Positive/rotation_vinyl.mp40000000011.jpg,1
612,../dataset/Positive/rotation_vinyl.mp40000000012.jpg,1
613,../dataset/Positive/rotation_vinyl.mp40000000013.jpg,1
614,../dataset/Positive/rotation_vinyl.mp40000000014.jpg,1
615,../dataset/Positive/rotation_vinyl.mp40000000015.jpg,1
616,../dataset/Positive/rotation_vinyl.mp40000000016.jpg,1
617,../dataset/Positive/rotation_vinyl.mp40000000017.jpg,1
618,../dataset/Positive/rotation_vinyl.mp40000000018.jpg,1
619,../dataset/Positive/rotation_vinyl.mp40000000019.jpg,1
620,../dataset/Positive/rotation_vinyl.mp40000000020.jpg,1
621,../dataset/Positive/rotation_vinyl.mp40000000021.jpg,1
622,../dataset/Positive/rotation_vinyl.mp40000000022.jpg,1
623,../dataset/Positive/rotation_vinyl.mp40000000023.jpg,1
624,../dataset/Positive/rotation_vinyl.mp40000000024.jpg,1
625,../dataset/Positive/rotation_vinyl.mp40000000025.jpg,1
626,../dataset/Positive/rotation_vinyl.mp40000000026.jpg,1
627,../dataset/Positive/rotation_vinyl.mp40000000027.jpg,1
628,../dataset/Positive/rotation_vinyl.mp40000000028.jpg,1
629,../dataset/Positive/rotation_vinyl.mp40000000029.jpg,1
630,../dataset/Positive/rotation_vinyl.mp40000000030.jpg,1
631,../dataset/Positive/rotation_vinyl.mp40000000031.jpg,1
632,../dataset/Positive/rotation_vinyl.mp40000000032.jpg,1
633,../dataset/Positive/rotation_vinyl.mp40000000033.jpg,1
634,../dataset/Positive/rotation_vinyl.mp40000000034.jpg,1
635,../dataset/Positive/rotation_vinyl.mp40000000035.jpg,1
636,../dataset/Positive/rotation_vinyl.mp40000000036.jpg,1
637,../dataset/Positive/rotation_vinyl.mp40000000037.jpg,1
638,../dataset/Positive/rotation_vinyl.mp40000000038.jpg,1
639,../dataset/Positive/rotation_vinyl.mp40000000039.jpg,1
640,../dataset/Positive/rotation_vinyl.mp40000000040.jpg,1
641,../dataset/Positive/rotation_vinyl.mp40000000041.jpg,1
642,../dataset/Positive/rotation_vinyl.mp40000000042.jpg,1
643,../dataset/Positive/rotation_vinyl.mp40000000043.jpg,1
644,../dataset/Positive/rotation_vinyl.mp40000000044.jpg,1
645,../dataset/Positive/rotation_vinyl.mp40000000045.jpg,1
646,../dataset/Positive/rotation_vinyl.mp40000000046.jpg,1
647,../dataset/Positive/rotation_vinyl.mp40000000047.jpg,1
648,../dataset/Positive/rotation_vinyl.mp40000000048.jpg,1
649,../dataset/Positive/rotation_vinyl.mp40000000049.jpg,1
650,../dataset/Positive/rotation_vinyl.mp40000000050.jpg,1
651,../dataset/Positive/rotation_vinyl.mp40000000051.jpg,1
652,../dataset/Positive/rotation_vinyl.mp40000000052.jpg,1
653,../dataset/Positive/rotation_vinyl.mp40000000053.jpg,1
654,../dataset/Positive/rotation_vinyl.mp40000000054.jpg,1
655,../dataset/Positive/rotation_vinyl.mp40000000055.jpg,1
656,../dataset/Positive/rotation_vinyl.mp40000000056.jpg,1
657,../dataset/Positive/rotation_vinyl.mp40000000057.jpg,1
658,../dataset/Positive/rotation_vinyl.mp40000000058.jpg,1
659,../dataset/Positive/rotation_vinyl.mp40000000059.jpg,1
660,../dataset/Positive/rotation_washingmachine.mp40000000000.jpg,1
661,../dataset/Positive/rotation_washingmachine.mp40000000001.jpg,1
662,../dataset/Positive/rotation_washingmachine.mp40000000002.jpg,1
663,../dataset/Positive/rotation_washingmachine.mp40000000003.jpg,1
664,../dataset/Positive/rotation_washingmachine.mp40000000004.jpg,1
665,../dataset/Positive/rotation_washingmachine.mp40000000005.jpg,1
666,../dataset/Positive/rotation_washingmachine.mp40000000006.jpg,1
667,../dataset/Positive/rotation_washingmachine.mp40000000007.jpg,1
668,../dataset/Positive/rotation_washingmachine.mp40000000008.jpg,1
669,../dataset/Positive/rotation_washingmachine.mp40000000009.jpg,1
670,../dataset/Positive/rotation_washingmachine.mp40000000010.jpg,1
671,../dataset/Positive/rotation_washingmachine.mp40000000011.jpg,1
672,../dataset/Positive/rotation_washingmachine.mp40000000012.jpg,1
673,../dataset/Positive/rotation_washingmachine.mp40000000013.jpg,1
674,../dataset/Positive/rotation_washingmachine.mp40000000014.jpg,1
675,../dataset/Positive/rotation_washingmachine.mp40000000015.jpg,1
676,../dataset/Positive/rotation_washingmachine.mp40000000016.jpg,1
677,../dataset/Positive/rotation_washingmachine.mp40000000017.jpg,1
678,../dataset/Positive/rotation_washingmachine.mp40000000018.jpg,1
679,../dataset/Positive/rotation_washingmachine.mp40000000019.jpg,1
680,../dataset/Positive/rotation_washingmachine.mp40000000020.jpg,1
681,../dataset/Positive/rotation_washingmachine.mp40000000021.jpg,1
682,../dataset/Positive/rotation_washingmachine.mp40000000022.jpg,1
683,../dataset/Positive/rotation_washingmachine.mp40000000023.jpg,1
684,../dataset/Positive/rotation_washingmachine.mp40000000024.jpg,1
685,../dataset/Positive/rotation_washingmachine.mp40000000025.jpg,1
686,../dataset/Positive/rotation_washingmachine.mp40000000026.jpg,1
687,../dataset/Positive/rotation_washingmachine.mp40000000027.jpg,1
688,../dataset/Positive/rotation_washingmachine.mp40000000028.jpg,1
689,../dataset/Positive/rotation_washingmachine.mp40000000029.jpg,1
690,../dataset/Positive/rotation_washingmachine.mp40000000030.jpg,1
691,../dataset/Positive/rotation_washingmachine.mp40000000031.jpg,1
692,../dataset/Positive/rotation_washingmachine.mp40000000032.jpg,1
693,../dataset/Positive/rotation_washingmachine.mp40000000033.jpg,1
694,../dataset/Positive/rotation_washingmachine.mp40000000034.jpg,1
695,../dataset/Positive/rotation_washingmachine.mp40000000035.jpg,1
696,../dataset/Positive/rotation_washingmachine.mp40000000036.jpg,1
697,../dataset/Positive/rotation_washingmachine.mp40000000037.jpg,1
698,../dataset/Positive/rotation_washingmachine.mp40000000038.jpg,1
699,../dataset/Positive/rotation_washingmachine.mp40000000039.jpg,1
700,../dataset/Positive/rotation_washingmachine.mp40000000040.jpg,1
701,../dataset/Positive/rotation_washingmachine.mp40000000041.jpg,1
702,../dataset/Positive/rotation_washingmachine.mp40000000042.jpg,1
703,../dataset/Positive/rotation_washingmachine.mp40000000043.jpg,1
704,../dataset/Positive/rotation_washingmachine.mp40000000044.jpg,1
705,../dataset/Positive/rotation_washingmachine.mp40000000045.jpg,1
706,../dataset/Positive/rotation_washingmachine.mp40000000046.jpg,1
707,../dataset/Positive/rotation_washingmachine.mp40000000047.jpg,1
708,../dataset/Positive/rotation_washingmachine.mp40000000048.jpg,1
709,../dataset/Positive/rotation_washingmachine.mp40000000049.jpg,1
710,../dataset/Positive/rotation_washingmachine.mp40000000050.jpg,1
711,../dataset/Positive/rotation_washingmachine.mp40000000051.jpg,1
712,../dataset/Positive/rotation_washingmachine.mp40000000052.jpg,1
713,../dataset/Positive/rotation_washingmachine.mp40000000053.jpg,1
714,../dataset/Positive/rotation_washingmachine.mp40000000054.jpg,1
715,../dataset/Positive/rotation_washingmachine.mp40000000055.jpg,1
716,../dataset/Positive/rotation_washingmachine.mp40000000056.jpg,1
717,../dataset/Positive/rotation_washingmachine.mp40000000057.jpg,1
718,../dataset/Positive/rotation_washingmachine.mp40000000058.jpg,1
719,../dataset/Positive/rotation_washingmachine.mp40000000059.jpg,1
720,../dataset/Positive/rotation_weed.mp40000000000.jpg,1
721,../dataset/Positive/rotation_weed.mp40000000001.jpg,1
722,../dataset/Positive/rotation_weed.mp40000000002.jpg,1
723,../dataset/Positive/rotation_weed.mp40000000003.jpg,1
724,../dataset/Positive/rotation_weed.mp40000000004.jpg,1
725,../dataset/Positive/rotation_weed.mp40000000005.jpg,1
726,../dataset/Positive/rotation_weed.mp40000000006.jpg,1
727,../dataset/Positive/rotation_weed.mp40000000007.jpg,1
728,../dataset/Positive/rotation_weed.mp40000000008.jpg,1
729,../dataset/Positive/rotation_weed.mp40000000009.jpg,1
730,../dataset/Positive/rotation_weed.mp40000000010.jpg,1
731,../dataset/Positive/rotation_weed.mp40000000011.jpg,1
732,../dataset/Positive/rotation_weed.mp40000000012.jpg,1
733,../dataset/Positive/rotation_weed.mp40000000013.jpg,1
734,../dataset/Positive/rotation_weed.mp40000000014.jpg,1
735,../dataset/Positive/rotation_weed.mp40000000015.jpg,1
736,../dataset/Positive/rotation_weed.mp40000000016.jpg,1
737,../dataset/Positive/rotation_weed.mp40000000017.jpg,1
738,../dataset/Positive/rotation_weed.mp40000000018.jpg,1
739,../dataset/Positive/rotation_weed.mp40000000019.jpg,1
740,../dataset/Positive/rotation_weed.mp40000000020.jpg,1
741,../dataset/Positive/rotation_weed.mp40000000021.jpg,1
742,../dataset/Positive/rotation_weed.mp40000000022.jpg,1
743,../dataset/Positive/rotation_weed.mp40000000023.jpg,1
744,../dataset/Positive/rotation_weed.mp40000000024.jpg,1
745,../dataset/Positive/rotation_weed.mp40000000025.jpg,1
746,../dataset/Positive/rotation_weed.mp40000000026.jpg,1
747,../dataset/Positive/rotation_weed.mp40000000027.jpg,1
748,../dataset/Positive/rotation_weed.mp40000000028.jpg,1
749,../dataset/Positive/rotation_weed.mp40000000029.jpg,1
750,../dataset/Positive/rotation_weed.mp40000000030.jpg,1
751,../dataset/Positive/rotation_weed.mp40000000031.jpg,1
752,../dataset/Positive/rotation_weed.mp40000000032.jpg,1
753,../dataset/Positive/rotation_weed.mp40000000033.jpg,1
754,../dataset/Positive/rotation_weed.mp40000000034.jpg,1
755,../dataset/Positive/rotation_weed.mp40000000035.jpg,1
756,../dataset/Positive/rotation_weed.mp40000000036.jpg,1
757,../dataset/Positive/rotation_weed.mp40000000037.jpg,1
758,../dataset/Positive/rotation_weed.mp40000000038.jpg,1
759,../dataset/Positive/rotation_weed.mp40000000039.jpg,1
760,../dataset/Positive/rotation_weed.mp40000000040.jpg,1
761,../dataset/Positive/rotation_weed.mp40000000041.jpg,1
762,../dataset/Positive/rotation_weed.mp40000000042.jpg,1
763,../dataset/Positive/rotation_weed.mp40000000043.jpg,1
764,../dataset/Positive/rotation_weed.mp40000000044.jpg,1
765,../dataset/Positive/rotation_weed.mp40000000045.jpg,1
766,../dataset/Positive/rotation_weed.mp40000000046.jpg,1
767,../dataset/Positive/rotation_weed.mp40000000047.jpg,1
768,../dataset/Positive/rotation_weed.mp40000000048.jpg,1
769,../dataset/Positive/rotation_weed.mp40000000049.jpg,1
770,../dataset/Positive/rotation_weed.mp40000000050.jpg,1
771,../dataset/Positive/rotation_weed.mp40000000051.jpg,1
772,../dataset/Positive/rotation_weed.mp40000000052.jpg,1
773,../dataset/Positive/rotation_weed.mp40000000053.jpg,1
774,../dataset/Positive/rotation_weed.mp40000000054.jpg,1
775,../dataset/Positive/rotation_weed.mp40000000055.jpg,1
776,../dataset/Positive/rotation_weed.mp40000000056.jpg,1
777,../dataset/Positive/rotation_weed.mp40000000057.jpg,1
778,../dataset/Positive/rotation_weed.mp40000000058.jpg,1
779,../dataset/Positive/rotation_weed.mp40000000059.jpg,1
780,../dataset/Negative/periodic_bag.mp40000000000.jpg,0
781,../dataset/Negative/periodic_bag.mp40000000001.jpg,0
782,../dataset/Negative/periodic_bag.mp40000000002.jpg,0
783,../dataset/Negative/periodic_bag.mp40000000003.jpg,0
784,../dataset/Negative/periodic_bag.mp40000000004.jpg,0
785,../dataset/Negative/periodic_bag.mp40000000005.jpg,0
786,../dataset/Negative/periodic_bag.mp40000000006.jpg,0
787,../dataset/Negative/periodic_bag.mp40000000007.jpg,0
788,../dataset/Negative/periodic_bag.mp40000000008.jpg,0
789,../dataset/Negative/periodic_bag.mp40000000009.jpg,0
790,../dataset/Negative/periodic_bag.mp40000000010.jpg,0
791,../dataset/Negative/periodic_bag.mp40000000011.jpg,0
792,../dataset/Negative/periodic_bag.mp40000000012.jpg,0
793,../dataset/Negative/periodic_bag.mp40000000013.jpg,0
794,../dataset/Negative/periodic_bag.mp40000000014.jpg,0
795,../dataset/Negative/periodic_bag.mp40000000015.jpg,0
796,../dataset/Negative/periodic_bag.mp40000000016.jpg,0
797,../dataset/Negative/periodic_bag.mp40000000017.jpg,0
798,../dataset/Negative/periodic_bag.mp40000000018.jpg,0
799,../dataset/Negative/periodic_bag.mp40000000019.jpg,0
800,../dataset/Negative/periodic_bag.mp40000000020.jpg,0
801,../dataset/Negative/periodic_bag.mp40000000021.jpg,0
802,../dataset/Negative/periodic_bag.mp40000000022.jpg,0
803,../dataset/Negative/periodic_bag.mp40000000023.jpg,0
804,../dataset/Negative/periodic_bag.mp40000000024.jpg,0
805,../dataset/Negative/periodic_bag.mp40000000025.jpg,0
806,../dataset/Negative/periodic_bag.mp40000000026.jpg,0
807,../dataset/Negative/periodic_bag.mp40000000027.jpg,0
808,../dataset/Negative/periodic_bag.mp40000000028.jpg,0
809,../dataset/Negative/periodic_bag.mp40000000029.jpg,0
810,../dataset/Negative/periodic_bag.mp40000000030.jpg,0
811,../dataset/Negative/periodic_bag.mp40000000031.jpg,0
812,../dataset/Negative/periodic_bag.mp40000000032.jpg,0
813,../dataset/Negative/periodic_bag.mp40000000033.jpg,0
814,../dataset/Negative/periodic_bag.mp40000000034.jpg,0
815,../dataset/Negative/periodic_bag.mp40000000035.jpg,0
816,../dataset/Negative/periodic_bag.mp40000000036.jpg,0
817,../dataset/Negative/periodic_bag.mp40000000037.jpg,0
818,../dataset/Negative/periodic_bag.mp40000000038.jpg,0
819,../dataset/Negative/periodic_bag.mp40000000039.jpg,0
820,../dataset/Negative/periodic_bag.mp40000000040.jpg,0
821,../dataset/Negative/periodic_bag.mp40000000041.jpg,0
822,../dataset/Negative/periodic_bag.mp40000000042.jpg,0
823,../dataset/Negative/periodic_bag.mp40000000043.jpg,0
824,../dataset/Negative/periodic_bag.mp40000000044.jpg,0
825,../dataset/Negative/periodic_bag.mp40000000045.jpg,0
826,../dataset/Negative/periodic_bag.mp40000000046.jpg,0
827,../dataset/Negative/periodic_bag.mp40000000047.jpg,0
828,../dataset/Negative/periodic_bag.mp40000000048.jpg,0
829,../dataset/Negative/periodic_bag.mp40000000049.jpg,0
830,../dataset/Negative/periodic_bag.mp40000000050.jpg,0
831,../dataset/Negative/periodic_bag.mp40000000051.jpg,0
832,../dataset/Negative/periodic_bag.mp40000000052.jpg,0
833,../dataset/Negative/periodic_bag.mp40000000053.jpg,0
834,../dataset/Negative/periodic_bag.mp40000000054.jpg,0
835,../dataset/Negative/periodic_bag.mp40000000055.jpg,0
836,../dataset/Negative/periodic_bag.mp40000000056.jpg,0
837,../dataset/Negative/periodic_bag.mp40000000057.jpg,0
838,../dataset/Negative/periodic_bag.mp40000000058.jpg,0
839,../dataset/Negative/periodic_bag.mp40000000059.jpg,0
840,../dataset/Negative/periodic_balls.mp40000000000.jpg,0
841,../dataset/Negative/periodic_balls.mp40000000001.jpg,0
842,../dataset/Negative/periodic_balls.mp40000000002.jpg,0
843,../dataset/Negative/periodic_balls.mp40000000003.jpg,0
844,../dataset/Negative/periodic_balls.mp40000000004.jpg,0
845,../dataset/Negative/periodic_balls.mp40000000005.jpg,0
846,../dataset/Negative/periodic_balls.mp40000000006.jpg,0
847,../dataset/Negative/periodic_balls.mp40000000007.jpg,0
848,../dataset/Negative/periodic_balls.mp40000000008.jpg,0
849,../dataset/Negative/periodic_balls.mp40000000009.jpg,0
850,../dataset/Negative/periodic_balls.mp40000000010.jpg,0
851,../dataset/Negative/periodic_balls.mp40000000011.jpg,0
852,../dataset/Negative/periodic_balls.mp40000000012.jpg,0
853,../dataset/Negative/periodic_balls.mp40000000013.jpg,0
854,../dataset/Negative/periodic_balls.mp40000000014.jpg,0
855,../dataset/Negative/periodic_balls.mp40000000015.jpg,0
856,../dataset/Negative/periodic_balls.mp40000000016.jpg,0
857,../dataset/Negative/periodic_balls.mp40000000017.jpg,0
858,../dataset/Negative/periodic_balls.mp40000000018.jpg,0
859,../dataset/Negative/periodic_balls.mp40000000019.jpg,0
860,../dataset/Negative/periodic_balls.mp40000000020.jpg,0
861,../dataset/Negative/periodic_balls.mp40000000021.jpg,0
862,../dataset/Negative/periodic_balls.mp40000000022.jpg,0
863,../dataset/Negative/periodic_balls.mp40000000023.jpg,0
864,../dataset/Negative/periodic_balls.mp40000000024.jpg,0
865,../dataset/Negative/periodic_balls.mp40000000025.jpg,0
866,../dataset/Negative/periodic_balls.mp40000000026.jpg,0
867,../dataset/Negative/periodic_balls.mp40000000027.jpg,0
868,../dataset/Negative/periodic_balls.mp40000000028.jpg,0
869,../dataset/Negative/periodic_balls.mp40000000029.jpg,0
870,../dataset/Negative/periodic_balls.mp40000000030.jpg,0
871,../dataset/Negative/periodic_balls.mp40000000031.jpg,0
872,../dataset/Negative/periodic_balls.mp40000000032.jpg,0
873,../dataset/Negative/periodic_balls.mp40000000033.jpg,0
874,../dataset/Negative/periodic_balls.mp40000000034.jpg,0
875,../dataset/Negative/periodic_balls.mp40000000035.jpg,0
876,../dataset/Negative/periodic_balls.mp40000000036.jpg,0
877,../dataset/Negative/periodic_balls.mp40000000037.jpg,0
878,../dataset/Negative/periodic_balls.mp40000000038.jpg,0
879,../dataset/Negative/periodic_balls.mp40000000039.jpg,0
880,../dataset/Negative/periodic_balls.mp40000000040.jpg,0
881,../dataset/Negative/periodic_balls.mp40000000041.jpg,0
882,../dataset/Negative/periodic_balls.mp40000000042.jpg,0
883,../dataset/Negative/periodic_balls.mp40000000043.jpg,0
884,../dataset/Negative/periodic_balls.mp40000000044.jpg,0
885,../dataset/Negative/periodic_balls.mp40000000045.jpg,0
886,../dataset/Negative/periodic_balls.mp40000000046.jpg,0
887,../dataset/Negative/periodic_balls.mp40000000047.jpg,0
888,../dataset/Negative/periodic_balls.mp40000000048.jpg,0
889,../dataset/Negative/periodic_balls.mp40000000049.jpg,0
890,../dataset/Negative/periodic_balls.mp40000000050.jpg,0
891,../dataset/Negative/periodic_balls.mp40000000051.jpg,0
892,../dataset/Negative/periodic_balls.mp40000000052.jpg,0
893,../dataset/Negative/periodic_balls.mp40000000053.jpg,0
894,../dataset/Negative/periodic_balls.mp40000000054.jpg,0
895,../dataset/Negative/periodic_balls.mp40000000055.jpg,0
896,../dataset/Negative/periodic_balls.mp40000000056.jpg,0
897,../dataset/Negative/periodic_balls.mp40000000057.jpg,0
898,../dataset/Negative/periodic_balls.mp40000000058.jpg,0
899,../dataset/Negative/periodic_balls.mp40000000059.jpg,0
900,../dataset/Negative/periodic_cat.mp40000000000.jpg,0
901,../dataset/Negative/periodic_cat.mp40000000001.jpg,0
902,../dataset/Negative/periodic_cat.mp40000000002.jpg,0
903,../dataset/Negative/periodic_cat.mp40000000003.jpg,0
904,../dataset/Negative/periodic_cat.mp40000000004.jpg,0
905,../dataset/Negative/periodic_cat.mp40000000005.jpg,0
906,../dataset/Negative/periodic_cat.mp40000000006.jpg,0
907,../dataset/Negative/periodic_cat.mp40000000007.jpg,0
908,../dataset/Negative/periodic_cat.mp40000000008.jpg,0
909,../dataset/Negative/periodic_cat.mp40000000009.jpg,0
910,../dataset/Negative/periodic_cat.mp40000000010.jpg,0
911,../dataset/Negative/periodic_cat.mp40000000011.jpg,0
912,../dataset/Negative/periodic_cat.mp40000000012.jpg,0
913,../dataset/Negative/periodic_cat.mp40000000013.jpg,0
914,../dataset/Negative/periodic_cat.mp40000000014.jpg,0
915,../dataset/Negative/periodic_cat.mp40000000015.jpg,0
916,../dataset/Negative/periodic_cat.mp40000000016.jpg,0
917,../dataset/Negative/periodic_cat.mp40000000017.jpg,0
918,../dataset/Negative/periodic_cat.mp40000000018.jpg,0
919,../dataset/Negative/periodic_cat.mp40000000019.jpg,0
920,../dataset/Negative/periodic_cat.mp40000000020.jpg,0
921,../dataset/Negative/periodic_cat.mp40000000021.jpg,0
922,../dataset/Negative/periodic_cat.mp40000000022.jpg,0
923,../dataset/Negative/periodic_cat.mp40000000023.jpg,0
924,../dataset/Negative/periodic_cat.mp40000000024.jpg,0
925,../dataset/Negative/periodic_cat.mp40000000025.jpg,0
926,../dataset/Negative/periodic_cat.mp40000000026.jpg,0
927,../dataset/Negative/periodic_cat.mp40000000027.jpg,0
928,../dataset/Negative/periodic_cat.mp40000000028.jpg,0
929,../dataset/Negative/periodic_cat.mp40000000029.jpg,0
930,../dataset/Negative/periodic_cat.mp40000000030.jpg,0
931,../dataset/Negative/periodic_cat.mp40000000031.jpg,0
932,../dataset/Negative/periodic_cat.mp40000000032.jpg,0
933,../dataset/Negative/periodic_cat.mp40000000033.jpg,0
934,../dataset/Negative/periodic_cat.mp40000000034.jpg,0
935,../dataset/Negative/periodic_cat.mp40000000035.jpg,0
936,../dataset/Negative/periodic_cat.mp40000000036.jpg,0
937,../dataset/Negative/periodic_cat.mp40000000037.jpg,0
938,../dataset/Negative/periodic_cat.mp40000000038.jpg,0
939,../dataset/Negative/periodic_cat.mp40000000039.jpg,0
940,../dataset/Negative/periodic_cat.mp40000000040.jpg,0
941,../dataset/Negative/periodic_cat.mp40000000041.jpg,0
942,../dataset/Negative/periodic_cat.mp40000000042.jpg,0
943,../dataset/Negative/periodic_cat.mp40000000043.jpg,0
944,../dataset/Negative/periodic_cat.mp40000000044.jpg,0
945,../dataset/Negative/periodic_cat.mp40000000045.jpg,0
946,../dataset/Negative/periodic_cat.mp40000000046.jpg,0
947,../dataset/Negative/periodic_cat.mp40000000047.jpg,0
948,../dataset/Negative/periodic_cat.mp40000000048.jpg,0
949,../dataset/Negative/periodic_cat.mp40000000049.jpg,0
950,../dataset/Negative/periodic_cat.mp40000000050.jpg,0
951,../dataset/Negative/periodic_cat.mp40000000051.jpg,0
952,../dataset/Negative/periodic_cat.mp40000000052.jpg,0
953,../dataset/Negative/periodic_cat.mp40000000053.jpg,0
954,../dataset/Negative/periodic_cat.mp40000000054.jpg,0
955,../dataset/Negative/periodic_cat.mp40000000055.jpg,0
956,../dataset/Negative/periodic_cat.mp40000000056.jpg,0
957,../dataset/Negative/periodic_cat.mp40000000057.jpg,0
958,../dataset/Negative/periodic_cat.mp40000000058.jpg,0
959,../dataset/Negative/periodic_cat.mp40000000059.jpg,0
960,../dataset/Negative/periodic_chain.mp40000000000.jpg,0
961,../dataset/Negative/periodic_chain.mp40000000001.jpg,0
962,../dataset/Negative/periodic_chain.mp40000000002.jpg,0
963,../dataset/Negative/periodic_chain.mp40000000003.jpg,0
964,../dataset/Negative/periodic_chain.mp40000000004.jpg,0
965,../dataset/Negative/periodic_chain.mp40000000005.jpg,0
966,../dataset/Negative/periodic_chain.mp40000000006.jpg,0
967,../dataset/Negative/periodic_chain.mp40000000007.jpg,0
968,../dataset/Negative/periodic_chain.mp40000000008.jpg,0
969,../dataset/Negative/periodic_chain.mp40000000009.jpg,0
970,../dataset/Negative/periodic_chain.mp40000000010.jpg,0
971,../dataset/Negative/periodic_chain.mp40000000011.jpg,0
972,../dataset/Negative/periodic_chain.mp40000000012.jpg,0
973,../dataset/Negative/periodic_chain.mp40000000013.jpg,0
974,../dataset/Negative/periodic_chain.mp40000000014.jpg,0
975,../dataset/Negative/periodic_chain.mp40000000015.jpg,0
976,../dataset/Negative/periodic_chain.mp40000000016.jpg,0
977,../dataset/Negative/periodic_chain.mp40000000017.jpg,0
978,../dataset/Negative/periodic_chain.mp40000000018.jpg,0
979,../dataset/Negative/periodic_chain.mp40000000019.jpg,0
980,../dataset/Negative/periodic_chain.mp40000000020.jpg,0
981,../dataset/Negative/periodic_chain.mp40000000021.jpg,0
982,../dataset/Negative/periodic_chain.mp40000000022.jpg,0
983,../dataset/Negative/periodic_chain.mp40000000023.jpg,0
984,../dataset/Negative/periodic_chain.mp40000000024.jpg,0
985,../dataset/Negative/periodic_chain.mp40000000025.jpg,0
986,../dataset/Negative/periodic_chain.mp40000000026.jpg,0
987,../dataset/Negative/periodic_chain.mp40000000027.jpg,0
988,../dataset/Negative/periodic_chain.mp40000000028.jpg,0
989,../dataset/Negative/periodic_chain.mp40000000029.jpg,0
990,../dataset/Negative/periodic_chain.mp40000000030.jpg,0
991,../dataset/Negative/periodic_chain.mp40000000031.jpg,0
992,../dataset/Negative/periodic_chain.mp40000000032.jpg,0
993,../dataset/Negative/periodic_chain.mp40000000033.jpg,0
994,../dataset/Negative/periodic_chain.mp40000000034.jpg,0
995,../dataset/Negative/periodic_chain.mp40000000035.jpg,0
996,../dataset/Negative/periodic_chain.mp40000000036.jpg,0
997,../dataset/Negative/periodic_chain.mp40000000037.jpg,0
998,../dataset/Negative/periodic_chain.mp40000000038.jpg,0
999,../dataset/Negative/periodic_chain.mp40000000039.jpg,0
1000,../dataset/Negative/periodic_chain.mp40000000040.jpg,0
1001,../dataset/Negative/periodic_chain.mp40000000041.jpg,0
1002,../dataset/Negative/periodic_chain.mp40000000042.jpg,0
1003,../dataset/Negative/periodic_chain.mp40000000043.jpg,0
1004,../dataset/Negative/periodic_chain.mp40000000044.jpg,0
1005,../dataset/Negative/periodic_chain.mp40000000045.jpg,0
1006,../dataset/Negative/periodic_chain.mp40000000046.jpg,0
1007,../dataset/Negative/periodic_chain.mp40000000047.jpg,0
1008,../dataset/Negative/periodic_chain.mp40000000048.jpg,0
1009,../dataset/Negative/periodic_chain.mp40000000049.jpg,0
1010,../dataset/Negative/periodic_chain.mp40000000050.jpg,0
1011,../dataset/Negative/periodic_chain.mp40000000051.jpg,0
1012,../dataset/Negative/periodic_chain.mp40000000052.jpg,0
1013,../dataset/Negative/periodic_chain.mp40000000053.jpg,0
1014,../dataset/Negative/periodic_chain.mp40000000054.jpg,0
1015,../dataset/Negative/periodic_chain.mp40000000055.jpg,0
1016,../dataset/Negative/periodic_chain.mp40000000056.jpg,0
1017,../dataset/Negative/periodic_chain.mp40000000057.jpg,0
1018,../dataset/Negative/periodic_chain.mp40000000058.jpg,0
1019,../dataset/Negative/periodic_chain.mp40000000059.jpg,0
1020,../dataset/Negative/periodic_chair.mp40000000000.jpg,0
1021,../dataset/Negative/periodic_chair.mp40000000001.jpg,0
1022,../dataset/Negative/periodic_chair.mp40000000002.jpg,0
1023,../dataset/Negative/periodic_chair.mp40000000003.jpg,0
1024,../dataset/Negative/periodic_chair.mp40000000004.jpg,0
1025,../dataset/Negative/periodic_chair.mp40000000005.jpg,0
1026,../dataset/Negative/periodic_chair.mp40000000006.jpg,0
1027,../dataset/Negative/periodic_chair.mp40000000007.jpg,0
1028,../dataset/Negative/periodic_chair.mp40000000008.jpg,0
1029,../dataset/Negative/periodic_chair.mp40000000009.jpg,0
1030,../dataset/Negative/periodic_chair.mp40000000010.jpg,0
1031,../dataset/Negative/periodic_chair.mp40000000011.jpg,0
1032,../dataset/Negative/periodic_chair.mp40000000012.jpg,0
1033,../dataset/Negative/periodic_chair.mp40000000013.jpg,0
1034,../dataset/Negative/periodic_chair.mp40000000014.jpg,0
1035,../dataset/Negative/periodic_chair.mp40000000015.jpg,0
1036,../dataset/Negative/periodic_chair.mp40000000016.jpg,0
1037,../dataset/Negative/periodic_chair.mp40000000017.jpg,0
1038,../dataset/Negative/periodic_chair.mp40000000018.jpg,0
1039,../dataset/Negative/periodic_chair.mp40000000019.jpg,0
1040,../dataset/Negative/periodic_chair.mp40000000020.jpg,0
1041,../dataset/Negative/periodic_chair.mp40000000021.jpg,0
1042,../dataset/Negative/periodic_chair.mp40000000022.jpg,0
1043,../dataset/Negative/periodic_chair.mp40000000023.jpg,0
1044,../dataset/Negative/periodic_chair.mp40000000024.jpg,0
1045,../dataset/Negative/periodic_chair.mp40000000025.jpg,0
1046,../dataset/Negative/periodic_chair.mp40000000026.jpg,0
1047,../dataset/Negative/periodic_chair.mp40000000027.jpg,0
1048,../dataset/Negative/periodic_chair.mp40000000028.jpg,0
1049,../dataset/Negative/periodic_chair.mp40000000029.jpg,0
1050,../dataset/Negative/periodic_chair.mp40000000030.jpg,0
1051,../dataset/Negative/periodic_chair.mp40000000031.jpg,0
1052,../dataset/Negative/periodic_chair.mp40000000032.jpg,0
1053,../dataset/Negative/periodic_chair.mp40000000033.jpg,0
1054,../dataset/Negative/periodic_chair.mp40000000034.jpg,0
1055,../dataset/Negative/periodic_chair.mp40000000035.jpg,0
1056,../dataset/Negative/periodic_chair.mp40000000036.jpg,0
1057,../dataset/Negative/periodic_chair.mp40000000037.jpg,0
1058,../dataset/Negative/periodic_chair.mp40000000038.jpg,0
1059,../dataset/Negative/periodic_chair.mp40000000039.jpg,0
1060,../dataset/Negative/periodic_chair.mp40000000040.jpg,0
1061,../dataset/Negative/periodic_chair.mp40000000041.jpg,0
1062,../dataset/Negative/periodic_chair.mp40000000042.jpg,0
1063,../dataset/Negative/periodic_chair.mp40000000043.jpg,0
1064,../dataset/Negative/periodic_chair.mp40000000044.jpg,0
1065,../dataset/Negative/periodic_chair.mp40000000045.jpg,0
1066,../dataset/Negative/periodic_chair.mp40000000046.jpg,0
1067,../dataset/Negative/periodic_chair.mp40000000047.jpg,0
1068,../dataset/Negative/periodic_chair.mp40000000048.jpg,0
1069,../dataset/Negative/periodic_chair.mp40000000049.jpg,0
1070,../dataset/Negative/periodic_chair.mp40000000050.jpg,0
1071,../dataset/Negative/periodic_chair.mp40000000051.jpg,0
1072,../dataset/Negative/periodic_chair.mp40000000052.jpg,0
1073,../dataset/Negative/periodic_chair.mp40000000053.jpg,0
1074,../dataset/Negative/periodic_chair.mp40000000054.jpg,0
1075,../dataset/Negative/periodic_chair.mp40000000055.jpg,0
1076,../dataset/Negative/periodic_chair.mp40000000056.jpg,0
1077,../dataset/Negative/periodic_chair.mp40000000057.jpg,0
1078,../dataset/Negative/periodic_chair.mp40000000058.jpg,0
1079,../dataset/Negative/periodic_chair.mp40000000059.jpg,0
1080,../dataset/Negative/periodic_child.mp40000000000.jpg,0
1081,../dataset/Negative/periodic_child.mp40000000001.jpg,0
1082,../dataset/Negative/periodic_child.mp40000000002.jpg,0
1083,../dataset/Negative/periodic_child.mp40000000003.jpg,0
1084,../dataset/Negative/periodic_child.mp40000000004.jpg,0
1085,../dataset/Negative/periodic_child.mp40000000005.jpg,0
1086,../dataset/Negative/periodic_child.mp40000000006.jpg,0
1087,../dataset/Negative/periodic_child.mp40000000007.jpg,0
1088,../dataset/Negative/periodic_child.mp40000000008.jpg,0
1089,../dataset/Negative/periodic_child.mp40000000009.jpg,0
1090,../dataset/Negative/periodic_child.mp40000000010.jpg,0
1091,../dataset/Negative/periodic_child.mp40000000011.jpg,0
1092,../dataset/Negative/periodic_child.mp40000000012.jpg,0
1093,../dataset/Negative/periodic_child.mp40000000013.jpg,0
1094,../dataset/Negative/periodic_child.mp40000000014.jpg,0
1095,../dataset/Negative/periodic_child.mp40000000015.jpg,0
1096,../dataset/Negative/periodic_child.mp40000000016.jpg,0
1097,../dataset/Negative/periodic_child.mp40000000017.jpg,0
1098,../dataset/Negative/periodic_child.mp40000000018.jpg,0
1099,../dataset/Negative/periodic_child.mp40000000019.jpg,0
1100,../dataset/Negative/periodic_child.mp40000000020.jpg,0
1101,../dataset/Negative/periodic_child.mp40000000021.jpg,0
1102,../dataset/Negative/periodic_child.mp40000000022.jpg,0
1103,../dataset/Negative/periodic_child.mp40000000023.jpg,0
1104,../dataset/Negative/periodic_child.mp40000000024.jpg,0
1105,../dataset/Negative/periodic_child.mp40000000025.jpg,0
1106,../dataset/Negative/periodic_child.mp40000000026.jpg,0
1107,../dataset/Negative/periodic_child.mp40000000027.jpg,0
1108,../dataset/Negative/periodic_child.mp40000000028.jpg,0
1109,../dataset/Negative/periodic_child.mp40000000029.jpg,0
1110,../dataset/Negative/periodic_child.mp40000000030.jpg,0
1111,../dataset/Negative/periodic_child.mp40000000031.jpg,0
1112,../dataset/Negative/periodic_child.mp40000000032.jpg,0
1113,../dataset/Negative/periodic_child.mp40000000033.jpg,0
1114,../dataset/Negative/periodic_child.mp40000000034.jpg,0
1115,../dataset/Negative/periodic_child.mp40000000035.jpg,0
1116,../dataset/Negative/periodic_child.mp40000000036.jpg,0
1117,../dataset/Negative/periodic_child.mp40000000037.jpg,0
1118,../dataset/Negative/periodic_child.mp40000000038.jpg,0
1119,../dataset/Negative/periodic_child.mp40000000039.jpg,0
1120,../dataset/Negative/periodic_child.mp40000000040.jpg,0
1121,../dataset/Negative/periodic_child.mp40000000041.jpg,0
1122,../dataset/Negative/periodic_child.mp40000000042.jpg,0
1123,../dataset/Negative/periodic_child.mp40000000043.jpg,0
1124,../dataset/Negative/periodic_child.mp40000000044.jpg,0
1125,../dataset/Negative/periodic_child.mp40000000045.jpg,0
1126,../dataset/Negative/periodic_child.mp40000000046.jpg,0
1127,../dataset/Negative/periodic_child.mp40000000047.jpg,0
1128,../dataset/Negative/periodic_child.mp40000000048.jpg,0
1129,../dataset/Negative/periodic_child.mp40000000049.jpg,0
1130,../dataset/Negative/periodic_child.mp40000000050.jpg,0
1131,../dataset/Negative/periodic_child.mp40000000051.jpg,0
1132,../dataset/Negative/periodic_child.mp40000000052.jpg,0
1133,../dataset/Negative/periodic_child.mp40000000053.jpg,0
1134,../dataset/Negative/periodic_child.mp40000000054.jpg,0
1135,../dataset/Negative/periodic_child.mp40000000055.jpg,0
1136,../dataset/Negative/periodic_child.mp40000000056.jpg,0
1137,../dataset/Negative/periodic_child.mp40000000057.jpg,0
1138,../dataset/Negative/periodic_child.mp40000000058.jpg,0
1139,../dataset/Negative/periodic_child.mp40000000059.jpg,0
1140,../dataset/Negative/periodic_glass.mp40000000000.jpg,0
1141,../dataset/Negative/periodic_glass.mp40000000001.jpg,0
1142,../dataset/Negative/periodic_glass.mp40000000002.jpg,0
1143,../dataset/Negative/periodic_glass.mp40000000003.jpg,0
1144,../dataset/Negative/periodic_glass.mp40000000004.jpg,0
1145,../dataset/Negative/periodic_glass.mp40000000005.jpg,0
1146,../dataset/Negative/periodic_glass.mp40000000006.jpg,0
1147,../dataset/Negative/periodic_glass.mp40000000007.jpg,0
1148,../dataset/Negative/periodic_glass.mp40000000008.jpg,0
1149,../dataset/Negative/periodic_glass.mp40000000009.jpg,0
1150,../dataset/Negative/periodic_glass.mp40000000010.jpg,0
1151,../dataset/Negative/periodic_glass.mp40000000011.jpg,0
1152,../dataset/Negative/periodic_glass.mp40000000012.jpg,0
1153,../dataset/Negative/periodic_glass.mp40000000013.jpg,0
1154,../dataset/Negative/periodic_glass.mp40000000014.jpg,0
1155,../dataset/Negative/periodic_glass.mp40000000015.jpg,0
1156,../dataset/Negative/periodic_glass.mp40000000016.jpg,0
1157,../dataset/Negative/periodic_glass.mp40000000017.jpg,0
1158,../dataset/Negative/periodic_glass.mp40000000018.jpg,0
1159,../dataset/Negative/periodic_glass.mp40000000019.jpg,0
1160,../dataset/Negative/periodic_glass.mp40000000020.jpg,0
1161,../dataset/Negative/periodic_glass.mp40000000021.jpg,0
1162,../dataset/Negative/periodic_glass.mp40000000022.jpg,0
1163,../dataset/Negative/periodic_glass.mp40000000023.jpg,0
1164,../dataset/Negative/periodic_glass.mp40000000024.jpg,0
1165,../dataset/Negative/periodic_glass.mp40000000025.jpg,0
1166,../dataset/Negative/periodic_glass.mp40000000026.jpg,0
1167,../dataset/Negative/periodic_glass.mp40000000027.jpg,0
1168,../dataset/Negative/periodic_glass.mp40000000028.jpg,0
1169,../dataset/Negative/periodic_glass.mp40000000029.jpg,0
1170,../dataset/Negative/periodic_glass.mp40000000030.jpg,0
1171,../dataset/Negative/periodic_glass.mp40000000031.jpg,0
1172,../dataset/Negative/periodic_glass.mp40000000032.jpg,0
1173,../dataset/Negative/periodic_glass.mp40000000033.jpg,0
1174,../dataset/Negative/periodic_glass.mp40000000034.jpg,0
1175,../dataset/Negative/periodic_glass.mp40000000035.jpg,0
1176,../dataset/Negative/periodic_glass.mp40000000036.jpg,0
1177,../dataset/Negative/periodic_glass.mp40000000037.jpg,0
1178,../dataset/Negative/periodic_glass.mp40000000038.jpg,0
1179,../dataset/Negative/periodic_glass.mp40000000039.jpg,0
1180,../dataset/Negative/periodic_glass.mp40000000040.jpg,0
1181,../dataset/Negative/periodic_glass.mp40000000041.jpg,0
1182,../dataset/Negative/periodic_glass.mp40000000042.jpg,0
1183,../dataset/Negative/periodic_glass.mp40000000043.jpg,0
1184,../dataset/Negative/periodic_glass.mp40000000044.jpg,0
1185,../dataset/Negative/periodic_glass.mp40000000045.jpg,0
1186,../dataset/Negative/periodic_glass.mp40000000046.jpg,0
1187,../dataset/Negative/periodic_glass.mp40000000047.jpg,0
1188,../dataset/Negative/periodic_glass.mp40000000048.jpg,0
1189,../dataset/Negative/periodic_glass.mp40000000049.jpg,0
1190,../dataset/Negative/periodic_glass.mp40000000050.jpg,0
1191,../dataset/Negative/periodic_glass.mp40000000051.jpg,0
1192,../dataset/Negative/periodic_glass.mp40000000052.jpg,0
1193,../dataset/Negative/periodic_glass.mp40000000053.jpg,0
1194,../dataset/Negative/periodic_glass.mp40000000054.jpg,0
1195,../dataset/Negative/periodic_glass.mp40000000055.jpg,0
1196,../dataset/Negative/periodic_glass.mp40000000056.jpg,0
1197,../dataset/Negative/periodic_glass.mp40000000057.jpg,0
1198,../dataset/Negative/periodic_glass.mp40000000058.jpg,0
1199,../dataset/Negative/periodic_glass.mp40000000059.jpg,0
1200,../dataset/Negative/periodic_guy.mp40000000000.jpg,0
1201,../dataset/Negative/periodic_guy.mp40000000001.jpg,0
1202,../dataset/Negative/periodic_guy.mp40000000002.jpg,0
1203,../dataset/Negative/periodic_guy.mp40000000003.jpg,0
1204,../dataset/Negative/periodic_guy.mp40000000004.jpg,0
1205,../dataset/Negative/periodic_guy.mp40000000005.jpg,0
1206,../dataset/Negative/periodic_guy.mp40000000006.jpg,0
1207,../dataset/Negative/periodic_guy.mp40000000007.jpg,0
1208,../dataset/Negative/periodic_guy.mp40000000008.jpg,0
1209,../dataset/Negative/periodic_guy.mp40000000009.jpg,0
1210,../dataset/Negative/periodic_guy.mp40000000010.jpg,0
1211,../dataset/Negative/periodic_guy.mp40000000011.jpg,0
1212,../dataset/Negative/periodic_guy.mp40000000012.jpg,0
1213,../dataset/Negative/periodic_guy.mp40000000013.jpg,0
1214,../dataset/Negative/periodic_guy.mp40000000014.jpg,0
1215,../dataset/Negative/periodic_guy.mp40000000015.jpg,0
1216,../dataset/Negative/periodic_guy.mp40000000016.jpg,0
1217,../dataset/Negative/periodic_guy.mp40000000017.jpg,0
1218,../dataset/Negative/periodic_guy.mp40000000018.jpg,0
1219,../dataset/Negative/periodic_guy.mp40000000019.jpg,0
1220,../dataset/Negative/periodic_guy.mp40000000020.jpg,0
1221,../dataset/Negative/periodic_guy.mp40000000021.jpg,0
1222,../dataset/Negative/periodic_guy.mp40000000022.jpg,0
1223,../dataset/Negative/periodic_guy.mp40000000023.jpg,0
1224,../dataset/Negative/periodic_guy.mp40000000024.jpg,0
1225,../dataset/Negative/periodic_guy.mp40000000025.jpg,0
1226,../dataset/Negative/periodic_guy.mp40000000026.jpg,0
1227,../dataset/Negative/periodic_guy.mp40000000027.jpg,0
1228,../dataset/Negative/periodic_guy.mp40000000028.jpg,0
1229,../dataset/Negative/periodic_guy.mp40000000029.jpg,0
1230,../dataset/Negative/periodic_guy.mp40000000030.jpg,0
1231,../dataset/Negative/periodic_guy.mp40000000031.jpg,0
1232,../dataset/Negative/periodic_guy.mp40000000032.jpg,0
1233,../dataset/Negative/periodic_guy.mp40000000033.jpg,0
1234,../dataset/Negative/periodic_guy.mp40000000034.jpg,0
1235,../dataset/Negative/periodic_guy.mp40000000035.jpg,0
1236,../dataset/Negative/periodic_guy.mp40000000036.jpg,0
1237,../dataset/Negative/periodic_guy.mp40000000037.jpg,0
1238,../dataset/Negative/periodic_guy.mp40000000038.jpg,0
1239,../dataset/Negative/periodic_guy.mp40000000039.jpg,0
1240,../dataset/Negative/periodic_guy.mp40000000040.jpg,0
1241,../dataset/Negative/periodic_guy.mp40000000041.jpg,0
1242,../dataset/Negative/periodic_guy.mp40000000042.jpg,0
1243,../dataset/Negative/periodic_guy.mp40000000043.jpg,0
1244,../dataset/Negative/periodic_guy.mp40000000044.jpg,0
1245,../dataset/Negative/periodic_guy.mp40000000045.jpg,0
1246,../dataset/Negative/periodic_guy.mp40000000046.jpg,0
1247,../dataset/Negative/periodic_guy.mp40000000047.jpg,0
